CREATE TABLE ADDRESS (member_user_id INTEGER, house_number TEXT, street TEXT, town TEXT);
INSERT INTO ADDRESS (member_user_id, house_number, street, town) VALUES (1, '12A', 'Nazarbayev Ave', 'Almaty');
INSERT INTO ADDRESS (member_user_id, house_number, street, town) VALUES (2, '34', 'Auezov St', 'Astana');
INSERT INTO ADDRESS (member_user_id, house_number, street, town) VALUES (3, '5B', 'Satbayev St', 'Shymkent');
INSERT INTO ADDRESS (member_user_id, house_number, street, town) VALUES (4, '88', 'Abay St', 'Karaganda');
INSERT INTO ADDRESS (member_user_id, house_number, street, town) VALUES (5, '22/3', 'Kunayev St', 'Taraz');
INSERT INTO ADDRESS (member_user_id, house_number, street, town) VALUES (6, '19', 'Zharokov St', 'Aktobe');
INSERT INTO ADDRESS (member_user_id, house_number, street, town) VALUES (7, '7A', 'Seifullin St', 'Kokshetau');
INSERT INTO ADDRESS (member_user_id, house_number, street, town) VALUES (8, '55', 'Kurmanazy St', 'Atyrau');
INSERT INTO ADDRESS (member_user_id, house_number, street, town) VALUES (9, '2', 'Abay St', 'Semey');
INSERT INTO ADDRESS (member_user_id, house_number, street, town) VALUES (10, '101', 'Sovetskaya', 'Pavlodar');
INSERT INTO ADDRESS (member_user_id, house_number, street, town) VALUES (11, '12', 'Tole Bi', 'Astana');
CREATE TABLE USER (user_id INTEGER, email TEXT, given_name TEXT, surname TEXT, city TEXT, phone_number TEXT, profile_description TEXT, password TEXT);
INSERT INTO USER (user_id, email, given_name, surname, city, phone_number, profile_description, password) VALUES (1, 'aruzhan.mukhtar@example.com', 'Aruzhan', 'Mukhtar', 'Almaty', '+77015554433', 'Caregiver with 3 years experience.', 'pass1');
INSERT INTO USER (user_id, email, given_name, surname, city, phone_number, profile_description, password) VALUES (2, 'dias.yermekov@example.com', 'Dias', 'Yermekov', 'Astana', '+77018887766', 'Part-time caregiver.', 'pass2');
INSERT INTO USER (user_id, email, given_name, surname, city, phone_number, profile_description, password) VALUES (3, 'samal.kadirova@example.com', 'Samal', 'Kadirova', 'Shymkent', '+77012229911', 'Certified nurse.', 'pass3');
INSERT INTO USER (user_id, email, given_name, surname, city, phone_number, profile_description, password) VALUES (4, 'talgat.abzal@example.com', 'Talgat', 'Abzal', 'Karaganda', '+77019993322', 'Friendly and reliable.', 'pass4');
INSERT INTO USER (user_id, email, given_name, surname, city, phone_number, profile_description, password) VALUES (5, 'madina.nurlybek@example.com', 'Madina', 'Nurlybek', 'Taraz', '+77014442255', 'Specialist in elderly care.', 'pass5');
INSERT INTO USER (user_id, email, given_name, surname, city, phone_number, profile_description, password) VALUES (6, 'bauyrzhan.sapar@example.com', 'Bauyrzhan', 'Sapar', 'Aktobe', '+77017774455', 'Needs caregiver for father.', 'pass6');
INSERT INTO USER (user_id, email, given_name, surname, city, phone_number, profile_description, password) VALUES (7, 'aikerim.k@example.com', 'Aikerim', 'Kunanbaeva', 'Kokshetau', '+77016668844', 'Parent needing child care.', 'pass7');
INSERT INTO USER (user_id, email, given_name, surname, city, phone_number, profile_description, password) VALUES (8, 'nursultan.arystan@example.com', 'Nursultan', 'Arystan', 'Atyrau', '+77013335544', 'Looking for medical help.', 'pass8');
INSERT INTO USER (user_id, email, given_name, surname, city, phone_number, profile_description, password) VALUES (9, 'saltanat.aidarova@example.com', 'Saltanat', 'Aidarova', 'Semey', '+77019998800', 'Needs caregiver for child.', 'pass9');
INSERT INTO USER (user_id, email, given_name, surname, city, phone_number, profile_description, password) VALUES (10, 'damir.ryskali@example.com', 'Damir', 'Ryskali', 'Pavlodar', '+77012224488', 'Elderly mother needs support.', 'pass10');
INSERT INTO USER (user_id, email, given_name, surname, city, phone_number, profile_description, password) VALUES (12, 'amina.aminova@example.com', 'Amina', 'Aminova', 'Almaty', '+77012223344', 'Member who posts jobs.', 'pass12');
INSERT INTO USER (user_id, email, given_name, surname, city, phone_number, profile_description, password) VALUES (11, 'arman.armanov@example.com', 'Arman', 'Armanov', 'Astana', '+77773414141', 'Will update phone.', 'pass11');
CREATE TABLE CAREGIVER (caregiver_user_id INTEGER, photo TEXT, gender TEXT, caregiving_type TEXT, hourly_rate REAL);
INSERT INTO CAREGIVER (caregiver_user_id, photo, gender, caregiving_type, hourly_rate) VALUES (1, 'photo1.jpg', 'female', 'elderly_care', 9.8);
INSERT INTO CAREGIVER (caregiver_user_id, photo, gender, caregiving_type, hourly_rate) VALUES (4, 'photo4.jpg', 'male', 'house_help', 8.3);
INSERT INTO CAREGIVER (caregiver_user_id, photo, gender, caregiving_type, hourly_rate) VALUES (6, 'photo6.jpg', 'male', 'house_help', 7.8);
INSERT INTO CAREGIVER (caregiver_user_id, photo, gender, caregiving_type, hourly_rate) VALUES (2, 'photo2.jpg', 'male', 'child_care', 13.200000000000001);
INSERT INTO CAREGIVER (caregiver_user_id, photo, gender, caregiving_type, hourly_rate) VALUES (3, 'photo3.jpg', 'female', 'medical_assistance', 16.5);
INSERT INTO CAREGIVER (caregiver_user_id, photo, gender, caregiving_type, hourly_rate) VALUES (5, 'photo5.jpg', 'female', 'elderly_care', 11.0);
CREATE TABLE MEMBER (member_user_id INTEGER, house_rules TEXT, dependent_description TEXT);
INSERT INTO MEMBER (member_user_id, house_rules, dependent_description) VALUES (1, 'No smoking indoors.', 'Grandfather, needs mobility help.');
INSERT INTO MEMBER (member_user_id, house_rules, dependent_description) VALUES (2, 'Quiet after 9 PM.', 'Toddler requiring supervision.');
INSERT INTO MEMBER (member_user_id, house_rules, dependent_description) VALUES (3, 'No shoes inside.', 'Mother recovering from surgery.');
INSERT INTO MEMBER (member_user_id, house_rules, dependent_description) VALUES (4, 'Keep place tidy.', 'Elderly man with memory issues.');
INSERT INTO MEMBER (member_user_id, house_rules, dependent_description) VALUES (5, 'Pets allowed.', 'Child with mild disability.');
INSERT INTO MEMBER (member_user_id, house_rules, dependent_description) VALUES (6, 'No loud noise.', 'Father with limited mobility.');
INSERT INTO MEMBER (member_user_id, house_rules, dependent_description) VALUES (7, 'No pets.', 'Toddler, needs supervision.');
INSERT INTO MEMBER (member_user_id, house_rules, dependent_description) VALUES (8, 'No smoking.', 'Mother recovering from surgery.');
INSERT INTO MEMBER (member_user_id, house_rules, dependent_description) VALUES (9, 'Keep area clean.', 'Young child with allergies.');
INSERT INTO MEMBER (member_user_id, house_rules, dependent_description) VALUES (10, 'Quiet hours after 10 PM.', 'Elderly mother with limited mobility.');
INSERT INTO MEMBER (member_user_id, house_rules, dependent_description) VALUES (11, 'No loud music.', 'Father with health issues.');
CREATE TABLE JOB (job_id INTEGER, member_user_id INTEGER, required_caregiving_type TEXT, other_requirements TEXT, date_posted TEXT);
INSERT INTO JOB (job_id, member_user_id, required_caregiving_type, other_requirements, date_posted) VALUES (1, 1, 'elderly_care', 'Daily morning assistance.', 2025-01-03 00:00:00);
INSERT INTO JOB (job_id, member_user_id, required_caregiving_type, other_requirements, date_posted) VALUES (2, 2, 'child_care', 'Experience with toddlers; soft-spoken preferred.', 2025-01-05 00:00:00);
INSERT INTO JOB (job_id, member_user_id, required_caregiving_type, other_requirements, date_posted) VALUES (3, 3, 'medical_assistance', 'Help with medication.', 2025-01-10 00:00:00);
INSERT INTO JOB (job_id, member_user_id, required_caregiving_type, other_requirements, date_posted) VALUES (4, 4, 'house_help', 'Basic cleaning duties.', 2025-01-12 00:00:00);
INSERT INTO JOB (job_id, member_user_id, required_caregiving_type, other_requirements, date_posted) VALUES (5, 5, 'special_needs', 'Patience required.', 2025-01-13 00:00:00);
INSERT INTO JOB (job_id, member_user_id, required_caregiving_type, other_requirements, date_posted) VALUES (6, 6, 'elderly_care', 'Meal preparation', 2025-01-14 00:00:00);
INSERT INTO JOB (job_id, member_user_id, required_caregiving_type, other_requirements, date_posted) VALUES (7, 7, 'child_care', 'Morning supervision.', 2025-01-16 00:00:00);
INSERT INTO JOB (job_id, member_user_id, required_caregiving_type, other_requirements, date_posted) VALUES (8, 8, 'medical_assistance', 'Medication help.', 2025-01-17 00:00:00);
INSERT INTO JOB (job_id, member_user_id, required_caregiving_type, other_requirements, date_posted) VALUES (9, 9, 'child_care', 'Afternoon supervision.', 2025-01-18 00:00:00);
INSERT INTO JOB (job_id, member_user_id, required_caregiving_type, other_requirements, date_posted) VALUES (10, 10, 'elderly_care', 'Meal prep.', 2025-01-19 00:00:00);
INSERT INTO JOB (job_id, member_user_id, required_caregiving_type, other_requirements, date_posted) VALUES (11, 11, 'elderly_care', 'Assistance with mobility.', 2025-01-20 00:00:00);
CREATE TABLE APPOINTMENT (appointment_id INTEGER, caregiver_user_id INTEGER, member_user_id INTEGER, appointment_date TEXT, appointment_time TEXT, work_hours REAL, status TEXT);
INSERT INTO APPOINTMENT (appointment_id, caregiver_user_id, member_user_id, appointment_date, appointment_time, work_hours, status) VALUES (1, 1, 1, 2025-01-07 00:00:00, 09:00:00, 3.0, 'completed');
INSERT INTO APPOINTMENT (appointment_id, caregiver_user_id, member_user_id, appointment_date, appointment_time, work_hours, status) VALUES (2, 2, 2, 2025-01-09 00:00:00, 10:00:00, 2.0, 'accepted');
INSERT INTO APPOINTMENT (appointment_id, caregiver_user_id, member_user_id, appointment_date, appointment_time, work_hours, status) VALUES (3, 3, 3, 2025-01-11 00:00:00, 11:00:00, 2.5, 'accepted');
INSERT INTO APPOINTMENT (appointment_id, caregiver_user_id, member_user_id, appointment_date, appointment_time, work_hours, status) VALUES (4, 4, 4, 2025-01-12 00:00:00, 14:00:00, 3.0, 'cancelled');
INSERT INTO APPOINTMENT (appointment_id, caregiver_user_id, member_user_id, appointment_date, appointment_time, work_hours, status) VALUES (5, 5, 5, 2025-01-13 00:00:00, 16:00:00, 1.5, 'accepted');
INSERT INTO APPOINTMENT (appointment_id, caregiver_user_id, member_user_id, appointment_date, appointment_time, work_hours, status) VALUES (6, 6, 6, 2025-01-14 00:00:00, 09:30:00, 3.0, 'pending');
CREATE TABLE JOB_APPLICATION (caregiver_user_id INTEGER, job_id INTEGER, date_applied TEXT);
INSERT INTO JOB_APPLICATION (caregiver_user_id, job_id, date_applied) VALUES (1, 1, 2025-01-04 00:00:00);
INSERT INTO JOB_APPLICATION (caregiver_user_id, job_id, date_applied) VALUES (2, 2, 2025-01-06 00:00:00);
INSERT INTO JOB_APPLICATION (caregiver_user_id, job_id, date_applied) VALUES (3, 3, 2025-01-11 00:00:00);
INSERT INTO JOB_APPLICATION (caregiver_user_id, job_id, date_applied) VALUES (4, 4, 2025-01-12 00:00:00);
INSERT INTO JOB_APPLICATION (caregiver_user_id, job_id, date_applied) VALUES (5, 5, 2025-01-14 00:00:00);
INSERT INTO JOB_APPLICATION (caregiver_user_id, job_id, date_applied) VALUES (6, 6, 2025-01-15 00:00:00);
